{"date":680800509.01336801,"appVersion":"4.4.3","drawing":{"me":"1WfU\/9NPNKDCHLBZ\/v4PqWuEhyd+vAlLns7XII6pKTbEG7rRTRt+LPnQz2PsvRt6TVcQMRyU0sJ6JZjismoCrsZcR+6rPyF4Gf3LrVuf\/Yd2\/2ZqvbY6L1BHvfQKV9WTd3+bQ\/ZZ3g\/svBpL2BeCsIkXEGiQfAu6fTsT+lV7SiT4NrXxQJHrlco27iKMfTVgffpoGEmunTd7zJieQyDnboqkkV1bosdTmS5Aa8akuDP9EeDuw25\/y24zUZmSy69HIQpRMqhUawdFCw4P9UlX","modificationDate":680800496.06062901,"activeArtboardIndex":0,"settings":{"outlineMode":false,"isolateActiveLayer":false,"snapToEdges":false,"snapToPoints":false,"guidesVisible":true,"snapToGrid":false,"units":"Pixels","dimensionsVisible":true,"dynamicGuides":false,"isCMYKColorPreviewEnabled":false,"undoHistoryDisabled":false,"snapToGuides":true,"drawOnlyUsingPencil":false,"whiteBackground":false,"rulersVisible":true,"isTimeLapseWatermarkDisabled":false},"artboardPaths":["Artboard0.json"],"documentVersion":""}}