{"date":680793685.73275101,"appVersion":"4.4.3","drawing":{"me":"erQ5P0DitQlWdNBGJFwQi4dvT51t0tej8pyjCNbMOIHlJlLHNaIqQHFZz136ciKMaUFwOx7EH6zAxg3bsK47YhNl6oDlM110xuwf9UEhcGD+HN8Yf+EnjMacLhWo6Lg\/2x9ibRhCSphQDPyLI910+uJSmTIQs9TAuY+SgG4ragMLalonUCFWozENaQ8A66z2sAPdPM25cH93kgsgsFVtJzqR\/gfoCtyk\/BdyrAvLtFnlHuuoxF8ZHqmsA82McoanLjG5AtucR0rNTFIiLEWn","modificationDate":680792710.92597699,"activeArtboardIndex":0,"settings":{"outlineMode":false,"isolateActiveLayer":false,"snapToEdges":false,"snapToPoints":false,"guidesVisible":true,"snapToGrid":false,"units":"Pixels","dimensionsVisible":true,"dynamicGuides":false,"isCMYKColorPreviewEnabled":false,"undoHistoryDisabled":false,"snapToGuides":true,"drawOnlyUsingPencil":false,"whiteBackground":false,"rulersVisible":true,"isTimeLapseWatermarkDisabled":false},"artboardPaths":["Artboard0.json"],"documentVersion":""}}